﻿<?xml version="1.0"?>
<doc>
<assembly>
<name>
DCTRNBAP
</name>
</assembly>
<members>
<member name="P:NEWDCTRNBAP.My.Resources.Resources.ResourceManager">
	<summary>
  Returns the cached ResourceManager instance used by this class.
</summary>
</member><member name="P:NEWDCTRNBAP.My.Resources.Resources.Culture">
	<summary>
  Overrides the current thread's CurrentUICulture property for all
  resource lookups using this strongly typed resource class.
</summary>
</member><member name="T:NEWDCTRNBAP.My.Resources.Resources">
	<summary>
  A strongly-typed resource class, for looking up localized strings, etc.
</summary>
</member><member name="T:NEWDCTRNBAP.Dsbap.emailnotifDataTable">
	<summary>
Represents the strongly named DataTable class.
</summary>
</member><member name="T:NEWDCTRNBAP.Dsbap.dtlapppbrDataTable">
	<summary>
Represents the strongly named DataTable class.
</summary>
</member><member name="T:NEWDCTRNBAP.Dsbap.dtrkpbapnomorDataTable">
	<summary>
Represents the strongly named DataTable class.
</summary>
</member><member name="T:NEWDCTRNBAP.Dsbap.dtrkpbapitemDataTable">
	<summary>
Represents the strongly named DataTable class.
</summary>
</member><member name="T:NEWDCTRNBAP.Dsbap.lapcsvDataTable">
	<summary>
Represents the strongly named DataTable class.
</summary>
</member><member name="T:NEWDCTRNBAP.Dsbap.emailnotifRow">
	<summary>
Represents strongly named DataRow class.
</summary>
</member><member name="T:NEWDCTRNBAP.Dsbap.dtlapppbrRow">
	<summary>
Represents strongly named DataRow class.
</summary>
</member><member name="T:NEWDCTRNBAP.Dsbap.dtrkpbapnomorRow">
	<summary>
Represents strongly named DataRow class.
</summary>
</member><member name="T:NEWDCTRNBAP.Dsbap.dtrkpbapitemRow">
	<summary>
Represents strongly named DataRow class.
</summary>
</member><member name="T:NEWDCTRNBAP.Dsbap.lapcsvRow">
	<summary>
Represents strongly named DataRow class.
</summary>
</member><member name="T:NEWDCTRNBAP.Dsbap.emailnotifRowChangeEvent">
	<summary>
Row event argument class
</summary>
</member><member name="T:NEWDCTRNBAP.Dsbap.dtlapppbrRowChangeEvent">
	<summary>
Row event argument class
</summary>
</member><member name="T:NEWDCTRNBAP.Dsbap.dtrkpbapnomorRowChangeEvent">
	<summary>
Row event argument class
</summary>
</member><member name="T:NEWDCTRNBAP.Dsbap.dtrkpbapitemRowChangeEvent">
	<summary>
Row event argument class
</summary>
</member><member name="T:NEWDCTRNBAP.Dsbap.lapcsvRowChangeEvent">
	<summary>
Row event argument class
</summary>
</member><member name="T:NEWDCTRNBAP.Dsbap">
	<summary>
Represents a strongly typed in-memory cache of data.
</summary>
</member>
</members>
</doc>